House_ID,Price,Area_sqft,Num_Bedrooms,Num_Bathrooms,Year_Built,Lot_Size
H100000,574507,1462,3,3,2002,4878
H100001,479260,1727,2,2,1979,4943
H100002,597153,1403,5,2,1952,5595
H100003,728454,1646,5,2,1992,9305
H100004,464876,853,1,1,1956,7407
H100005,464879,1906,1,3,1998,7617
H100006,736881,1800,3,1,2022,9215
H100007,615115,1391,2,2,1990,7805
H100008,429578,2129,4,1,2003,3737
H100009,581384,2268,1,3,2018,7774
H100010,430487,996,4,2,1976,8028
H100011,430140,1418,4,1,1957,7303
H100012,536294,1415,2,1,1981,5609
H100013,213007,1330,3,3,2013,7092
H100014,241262,2214,2,1,1959,5959
H100015,415656,1703,1,3,1962,4043
H100016,348075,1667,4,2,2012,4540
H100017,547137,798,2,2,1984,7407
H100018,363796,2117,2,1,2010,4188
H100019,288154,1180,2,2,2003,4376
H100020,719847,1829,1,2,1957,7506
H100021,466133,1938,3,1,1978,6267
H100022,510129,2480,2,2,1990,7154
H100023,286287,1145,1,1,1979,3541
H100024,418342,400,4,3,1970,7098
H100025,516638,1891,5,3,1960,4679
H100026,327350,2700,1,3,1951,3966
H100027,556354,2419,5,1,1999,4989
H100028,409904,1904,2,1,1990,8724
H100029,456245,1554,2,2,2015,5271
H100030,409744,2203,1,2,1952,10402
H100031,777841,1313,5,2,2000,1875
H100032,497975,2038,2,2,2017,2907
H100033,341343,2052,4,2,1974,8648
H100034,623381,2330,3,1,1979,9151
H100035,316873,3179,3,1,1960,4273
H100036,531329,1996,2,3,1966,6137
H100037,206049,1545,5,3,1975,7424
H100038,300772,1787,2,3,1972,5541
H100039,529529,915,5,3,2005,6299
H100040,610769,1452,4,1,2001,6021
H100041,525705,1595,5,1,1997,3037
H100042,482652,1537,2,1,1969,5310
H100043,454834,1876,4,2,1951,6024
H100044,278221,1388,1,2,1980,6206
H100045,392023,2360,3,3,1976,2538
H100046,430904,1800,2,2,1951,7507
H100047,658568,1795,2,1,1953,6258
H100048,551542,1636,2,3,1962,3889
H100049,235543,1877,4,3,1984,9598
H100050,548612,2212,1,2,2021,5306
H100051,442237,1366,5,3,2015,5436
H100052,398461,1470,1,2,1955,7283
H100053,591751,1648,4,2,1980,9768
H100054,654649,1127,2,3,1959,7362
H100055,639692,1390,3,2,1970,7652
H100056,374117,1561,2,2,1972,3996
H100057,453618,2237,5,2,1952,6173
H100058,549689,1931,3,2,1981,4935
H100059,646331,1896,2,3,1969,7408
H100060,428123,2225,3,1,1978,7593
H100061,472151,1731,1,1,2001,9266
H100062,334049,1995,4,2,1995,1683
H100063,320569,1748,2,2,1983,4738
H100064,621878,1932,5,2,2010,8600
H100065,703436,1508,1,1,2021,3196
H100066,489198,580,2,2,2020,7611
H100067,650529,1732,1,3,2019,8268
H100068,554245,2511,5,3,1960,5943
H100069,403232,2263,2,3,2012,3157
H100070,554209,2282,5,1,1970,5756
H100071,730705,2418,3,2,1952,8917
H100072,494626,1844,5,2,1959,9078
H100073,734696,1898,3,2,1976,6415
H100074,107038,1491,2,1,1961,4045
H100075,623285,1641,3,1,1956,9476
H100076,513057,2107,2,1,1966,7641
H100077,455148,2401,2,1,2014,4176
H100078,513764,1730,4,3,2013,6685
H100079,201864,1574,2,1,1975,6593
H100080,467049,1800,3,1,1964,4726
H100081,553566,2100,4,1,1982,6696
H100082,721684,1078,4,2,2011,8212
H100083,422259,651,2,2,1996,5407
H100084,378725,1524,5,2,1984,8416
H100085,424736,1189,5,3,2014,2489
H100086,637310,1545,4,3,2021,10436
H100087,549312,1726,2,1,1974,6114
H100088,420535,1573,5,2,2006,8146
H100089,576990,2526,2,3,1981,6437
H100090,514561,1963,2,2,2012,4352
H100091,645296,1950,4,3,1961,5927
H100092,394692,2111,4,3,2012,2181
H100093,450850,1230,1,1,1950,7376
H100094,441183,2319,5,1,2000,6387
H100095,280472,1762,5,3,2019,5616
H100096,544418,2135,5,1,1957,7505
H100097,539158,1264,3,3,2017,6075
H100098,500767,1023,2,3,1954,7213
H100099,464811,2208,4,2,1988,7924
H100100,287694,1988,5,1,1972,4901
H100101,436903,1348,1,1,2017,4329
H100102,448592,1365,5,1,2001,2554
H100103,379658,2362,2,2,1953,6245
H100104,475807,1205,2,2,1996,6904
H100105,560607,2621,4,2,1970,3352
H100106,782927,1349,3,1,2005,8840
H100107,526186,2119,4,1,2015,4355
H100108,538632,1635,5,1,2008,1792
H100109,488833,2101,1,2,1956,8989
H100110,212184,1527,4,2,1998,2053
H100111,496022,1718,3,3,1965,7928
H100112,509034,1820,4,2,1966,7442
H100113,869486,1298,2,3,1983,6639
H100114,471145,2170,5,1,1982,4954
H100115,545232,1543,5,2,1975,7005
H100116,494793,1685,5,1,2015,8096
H100117,324698,1302,5,1,2012,4028
H100118,671423,518,5,1,1990,7952
H100119,612789,1704,5,1,2007,7861
H100120,618654,3006,1,2,1959,6586
H100121,363591,2192,3,1,1964,4924
H100122,710419,1790,5,3,1991,7870
H100123,289722,1668,3,2,2006,7016
H100124,588028,1811,5,1,1966,3968
H100125,828568,2073,4,2,2009,5265
H100126,351419,1209,5,3,1958,7638
H100127,415055,2357,2,1,1985,6229
H100128,514947,2157,1,3,2022,8171
H100129,424478,2159,4,1,1985,5316
H100130,267400,2019,4,3,1997,4000
H100131,510284,1809,2,1,2000,10387
H100132,340654,2136,5,2,2019,2638
H100133,571038,2095,1,1,2017,5000
H100134,362086,1622,4,2,1971,6559
H100135,732490,1513,1,1,1955,7972
H100136,382512,1850,4,1,1975,7292
H100137,451690,2574,5,3,1952,10622
H100138,622027,1180,4,3,2001,5764
H100139,315370,1066,4,3,2009,4254
H100140,534118,1882,3,1,2012,5560
H100141,696071,1825,5,1,2014,5360
H100142,258877,1886,2,1,2001,5863
H100143,527695,1921,2,2,1963,4035
H100144,538982,1688,5,2,2021,7568
H100145,617273,2544,2,1,2017,6741
H100146,314457,999,5,3,1977,3472
H100147,301931,1385,2,3,2020,7936
H100148,578291,1748,3,3,1959,4377
H100149,544547,978,2,1,2006,3634
H100150,537573,1712,4,3,2015,6174
H100151,551967,2630,5,1,1999,2484
H100152,397996,1810,1,2,1963,7179
H100153,534838,1915,1,3,1965,1000
H100154,543960,1169,5,2,2003,3941
H100155,392847,1491,3,3,1992,9150
H100156,779866,1612,2,1,1991,4626
H100157,571074,1641,3,1,1971,4976
H100158,321304,2440,1,1,2017,8547
H100159,598483,2078,5,1,1968,4414
H100160,353797,1244,5,3,2015,7526
H100161,618062,1923,3,2,1988,8348
H100162,673789,2049,3,1,2022,6957
H100163,376897,2370,2,3,1968,3110
H100164,644506,2590,4,2,1965,4792
H100165,561917,1292,4,1,2003,11427
H100166,623309,1394,2,2,1974,5018
H100167,784518,1171,4,1,1967,11972
H100168,463191,1682,1,2,1972,9417
H100169,386939,2033,4,2,1960,7038
H100170,366572,2293,2,1,1988,6594
H100171,377628,1762,4,3,2017,5070
H100172,488434,1640,5,2,1974,5822
H100173,551172,1875,3,1,2012,4622
H100174,541503,1382,1,2,1979,5872
H100175,624077,2844,5,2,1994,3275
H100176,501950,996,5,3,2010,3168
H100177,718030,1892,2,2,2000,8602
H100178,460301,2811,3,2,1958,2775
H100179,908025,1803,3,1,1951,7772
H100180,593850,1704,1,1,1954,2211
H100181,371426,1621,2,3,2011,7259
H100182,339366,1709,1,2,2018,5584
H100183,572370,2486,4,2,2001,8642
H100184,466480,694,5,2,1954,5336
H100185,607100,2566,1,3,2008,1980
H100186,570985,1088,5,2,2017,5623
H100187,489075,1666,2,1,1958,6319
H100188,372980,1585,4,3,1971,5736
H100189,272772,2094,2,1,1976,7150
H100190,433022,1000,4,1,1959,4871
H100191,628459,2031,4,3,2010,3473
H100192,532114,2812,5,1,2000,4000
H100193,313139,1118,2,2,1959,4968
H100194,525977,1894,2,3,1955,4951
H100195,557797,1469,1,1,2011,10812
H100196,367421,2012,2,2,1954,8510
H100197,523058,1809,1,2,2019,7373
H100198,508731,1479,3,1,2012,6892
H100199,328554,2043,3,2,2005,6599
H100200,553668,2702,3,3,2008,6610
H100201,584117,1704,2,1,2012,6326
H100202,662457,2159,2,2,2008,6080
H100203,658070,1153,1,2,2000,1816
H100204,293349,1321,4,1,1999,5261
H100205,359326,2036,1,1,1953,5519
H100206,577255,2542,3,1,1997,4502
H100207,577067,1977,1,1,1981,4887
H100208,577257,1643,4,3,2000,6601
H100209,1077909,1799,2,1,2001,7535
H100210,585633,1174,1,3,1983,6598
H100211,670334,2102,3,3,1985,7484
H100212,643100,2241,3,1,2019,7520
H100213,597708,1573,2,3,1992,5400
H100214,452709,1564,1,1,1965,7050
H100215,613845,1932,4,1,2008,2507
H100216,384076,1581,2,2,2002,5231
H100217,464477,1766,1,1,1968,4996
H100218,427195,2849,5,2,1990,9062
H100219,512281,1676,3,3,1996,6674
H100220,847198,1620,4,2,2003,3331
H100221,219910,1476,4,3,2004,7189
H100222,602939,2172,4,1,1968,7819
H100223,258092,1709,3,3,2011,5820
H100224,429210,1475,1,3,2008,7380
H100225,663342,2460,2,1,2014,1008
H100226,509642,2509,1,3,2017,1000
H100227,338338,1499,2,1,1977,3642
H100228,392704,866,4,2,1967,6298
H100229,601939,2303,1,1,1975,9064
H100230,390445,1457,4,1,1968,3747
H100231,532468,2195,5,3,2004,4292
H100232,506835,814,4,2,2006,6177
H100233,402259,2246,4,1,1955,5015
H100234,821591,1194,2,2,1950,4901
H100235,595087,2165,5,2,1957,5157
H100236,196228,1807,4,3,2000,8629
H100237,527968,1323,4,1,1974,8232
H100238,400732,1596,5,3,1996,6046
H100239,627865,2143,5,1,2004,9308
H100240,381121,1852,1,2,2013,7018
H100241,482789,2092,2,1,1959,8307
H100242,575748,2788,5,1,2005,4278
H100243,629863,1017,5,2,1961,4692
H100244,319955,2608,3,2,1982,4671
H100245,449824,1852,5,1,2020,5826
H100246,428758,1350,2,3,1966,6119
H100247,402000,1134,4,1,2010,6648
H100248,764818,1705,4,2,1959,9946
H100249,560747,2260,4,3,1980,7442
H100250,310867,1736,4,2,2009,4970
H100251,637679,2555,3,2,2019,5993
H100252,818323,1074,5,3,1966,9009
H100253,654869,1793,4,2,1999,7563
H100254,272094,1173,1,2,1986,8983
H100255,427364,1981,4,2,2011,5034
H100256,690036,2243,5,2,2021,4576
H100257,393849,1589,4,2,1978,4605
H100258,566572,497,3,2,1981,5196
H100259,616195,1899,2,2,1960,3873
H100260,360960,2018,2,2,1955,6590
H100261,491071,2002,5,2,1984,6624
H100262,100000,2417,2,1,1982,8677
H100263,346341,1264,2,1,1967,2479
H100264,462114,2140,1,2,1986,4111
H100265,312832,2396,5,1,1962,7611
H100266,744861,910,5,3,2013,6366
H100267,285478,1959,2,1,1950,6089
H100268,433993,1547,2,2,2012,8527
H100269,519611,1759,2,2,1983,3980
H100270,716190,1973,3,1,1959,4542
H100271,284620,1556,4,2,1956,4306
H100272,674474,1462,3,3,2005,1974
H100273,501534,1817,5,3,1986,6265
H100274,352773,1256,1,2,1978,4954
H100275,569315,1257,4,3,1961,4534
H100276,529858,2139,1,3,1966,4173
H100277,409967,1225,5,1,1997,5964
H100278,510470,2133,5,3,1975,4402
H100279,442202,2031,1,1,1961,6443
H100280,517027,937,1,2,1970,6918
H100281,599319,1461,1,1,1991,5410
H100282,737902,2397,5,2,2010,5275
H100283,314327,1309,2,2,2007,6370
H100284,819955,1567,1,2,2003,5942
H100285,207186,2031,4,2,1983,8660
H100286,477232,2191,5,2,1956,6636
H100287,588247,1674,3,1,1984,8191
H100288,542148,1501,3,2,1964,7221
H100289,406595,2511,4,3,2014,3363
H100290,468781,2669,2,3,1974,4883
H100291,426049,2289,1,2,2008,5903
H100292,411595,1842,5,3,1955,7736
H100293,627440,1395,1,1,2001,9855
H100294,553552,1384,5,1,1970,5031
H100295,396063,2061,3,2,2020,6110
H100296,634939,2009,1,2,1981,7599
H100297,546094,2500,4,2,2002,5884
H100298,621929,2125,2,3,2008,9288
H100299,594444,1048,4,3,2018,3304
H100300,375650,2325,2,1,2011,7356
H100301,415972,1300,1,3,1953,7336
H100302,612094,1608,1,1,1967,8304
H100303,591555,1925,2,3,2005,6124
H100304,496864,2797,3,1,1973,7783
H100305,517599,3354,5,2,2015,5501
H100306,691649,2103,4,3,1962,4397
H100307,411264,1708,4,1,2011,4105
H100308,582064,2067,4,3,2003,3117
H100309,469671,2243,1,2,1964,5117
H100310,467347,1639,4,1,2018,6622
H100311,664816,2697,5,3,1952,5583
H100312,623812,1915,5,3,1986,6395
H100313,622026,2048,2,2,1986,8469
H100314,695821,2132,1,2,1952,4965
H100315,503150,2010,5,1,2012,10680
H100316,602292,2219,3,3,1984,7510
H100317,453459,1491,1,3,2001,5606
H100318,548624,1520,1,2,1977,5560
H100319,480478,1249,5,2,1967,3983
H100320,514549,2019,3,1,1985,5948
H100321,589273,2189,2,3,1982,1676
H100322,377266,2028,5,3,2013,8511
H100323,813858,2637,3,1,1975,1000
H100324,349097,1797,1,1,1997,6083
H100325,317871,2134,3,2,1989,3712
H100326,673716,1254,1,2,1966,4597
H100327,618749,1606,5,1,1989,4855
H100328,593617,2147,5,1,1956,9851
H100329,594251,2224,4,3,2006,3793
H100330,498162,1653,4,1,1957,7828
H100331,365411,1764,4,1,2005,8320
H100332,511370,1041,5,3,1980,1323
H100333,398425,1621,2,1,2008,4769
H100334,646267,2245,5,2,2007,8968
H100335,477941,2087,3,2,1961,3370
H100336,376175,2050,5,3,1997,8396
H100337,451792,1824,5,1,1980,5964
H100338,561939,1803,1,2,2012,5877
H100339,415441,1469,1,2,1988,6138
H100340,376666,2149,1,2,1969,6685
H100341,536553,2010,5,2,1997,4088
H100342,536744,2046,2,1,2020,5479
H100343,423958,1536,3,1,2003,6741
H100344,429344,723,3,1,2020,6353
H100345,534807,2348,2,1,1978,6698
H100346,282787,1560,2,2,2022,4562
H100347,288880,1368,3,3,1997,7264
H100348,392233,2146,4,3,2005,6252
H100349,467982,1603,1,2,1966,2838
H100350,546636,2329,1,2,1958,4937
H100351,721303,2108,3,3,1983,4208
H100352,628648,2141,2,3,1994,4183
H100353,476009,1117,4,2,1958,5047
H100354,497147,2405,3,2,1956,7226
H100355,349620,1930,1,1,1965,4746
H100356,497223,1615,5,1,1968,6450
H100357,456701,1871,2,3,1955,6122
H100358,548407,911,5,2,1960,4441
H100359,375915,2004,3,3,2010,5310
H100360,577901,1285,1,1,1991,7729
H100361,729910,1123,4,1,1962,6299
H100362,483685,1038,5,3,1961,7097
H100363,560256,2356,4,1,1969,8544
H100364,603521,1485,1,2,1999,6869
H100365,439816,2566,5,3,1985,2158
H100366,533613,1532,4,2,2018,6541
H100367,501888,946,4,2,1986,4763
H100368,514651,1241,5,1,1961,9620
H100369,384048,2417,1,2,1989,6798
H100370,503676,1722,4,3,2003,4805
H100371,574699,1525,3,2,1951,7133
H100372,717671,1880,5,2,1999,6181
H100373,643890,2050,2,2,1990,2564
H100374,822977,2358,2,2,1994,7726
H100375,384897,2524,1,2,1958,5188
H100376,630848,1620,3,1,2011,8841
H100377,527501,1136,4,3,1996,5751
H100378,828470,1593,2,1,1954,8878
H100379,378755,1930,1,3,1950,6849
H100380,374041,1318,3,3,1993,7948
H100381,410091,1321,3,3,1971,5016
H100382,181415,1971,1,3,1987,6706
H100383,421136,1775,1,3,1968,2547
H100384,386130,1816,4,2,1980,5745
H100385,522559,1420,1,1,2016,3030
H100386,551263,1684,4,1,1991,3714
H100387,781425,1337,4,2,1975,4218
H100388,642563,2245,5,3,1962,7320
H100389,413464,2317,3,1,2007,5705
H100390,365237,876,3,2,1967,6062
H100391,573787,1335,3,2,2016,5650
H100392,301965,1051,5,1,1952,8161
H100393,774718,1474,4,1,2004,6008
H100394,676916,1758,4,3,2007,6497
H100395,429623,1075,1,3,2012,4859
H100396,243029,1339,5,1,2001,8298
H100397,703080,1298,1,3,1973,8448
H100398,482819,1903,5,2,2021,5926
H100399,685672,1834,1,3,1958,4831
H100400,260835,1439,2,3,1986,2768
H100401,410093,1888,3,2,2002,4262
H100402,500786,1526,3,3,1973,1665
H100403,507047,1664,4,2,1970,4178
H100404,432490,2636,2,3,1989,6713
H100405,593427,2470,3,1,2011,5899
H100406,339856,1150,4,3,2019,10646
H100407,478643,2214,2,1,2018,5257
H100408,518044,2205,3,1,1963,5101
H100409,577165,1225,1,1,1991,8125
H100410,606742,2209,5,1,1999,2146
H100411,331303,2568,2,1,2010,3036
H100412,269882,1238,4,2,1953,7327
H100413,691651,1341,2,2,2021,5609
H100414,549847,2308,4,2,1966,5655
H100415,387727,1935,2,1,2006,4125
H100416,732672,2075,4,3,1997,6479
H100417,517351,1970,3,2,1993,4383
H100418,676894,1995,1,3,1994,6145
H100419,510127,1136,3,3,1982,3683
H100420,809112,2323,1,1,1980,5635
H100421,763301,2384,3,1,1996,10049
H100422,462655,1685,3,1,1955,5150
H100423,645735,1778,2,2,2021,5736
H100424,596806,1034,5,1,2020,5594
H100425,705294,2057,4,2,1983,6349
H100426,355261,2086,4,2,2002,6936
H100427,602907,1768,4,2,1963,6514
H100428,658763,2362,1,2,1965,6558
H100429,236189,1632,4,1,1992,5638
H100430,322511,2082,4,2,2022,6200
H100431,194115,1290,2,1,1961,5572
H100432,459588,1788,3,1,2019,2375
H100433,607631,1712,4,2,1968,11261
H100434,725353,1912,5,1,1990,7456
H100435,511114,1615,4,3,2002,4041
H100436,744292,1734,1,1,1978,6460
H100437,292984,2213,1,1,2019,3307
H100438,244492,1581,1,2,2008,5011
H100439,491667,996,4,2,2013,3036
H100440,557609,2674,2,1,1973,5897
H100441,495095,2490,5,2,1965,2837
H100442,189883,1153,4,3,2001,6776
H100443,486631,2144,2,3,1955,7364
H100444,304329,1548,2,2,1986,4346
H100445,600450,1931,4,1,1953,6321
H100446,554989,1947,4,3,1987,4240
H100447,359018,1682,2,3,1990,7023
H100448,422919,1408,2,1,1963,4622
H100449,341117,1454,2,2,2020,7577
H100450,490598,1341,4,3,2000,2376
H100451,643271,1384,2,1,2014,3990
H100452,352141,1766,1,1,2001,3782
H100453,575606,1442,4,3,1979,6406
H100454,420461,2141,1,2,2006,7110
H100455,381069,2543,3,3,1979,6561
H100456,483945,1509,4,1,1991,4982
H100457,344713,1919,3,3,1960,1000
H100458,416952,2049,2,2,1976,6077
H100459,320318,2036,2,1,1973,7576
H100460,794708,1837,5,2,1988,11361
H100461,505289,2171,2,3,2021,5151
H100462,395041,2041,3,3,1967,4669
H100463,532096,1181,2,2,1994,6640
H100464,483150,2234,4,3,1961,5487
H100465,466854,2243,2,2,1998,8550
H100466,592125,1418,5,3,1980,4383
H100467,613626,1818,2,2,1971,5502
H100468,420424,2141,3,2,1993,7752
H100469,413627,1695,3,1,2013,6616
H100470,458742,2336,2,1,1974,8322
H100471,154711,2981,3,2,2000,5126
H100472,272721,1407,3,3,1956,8526
H100473,705031,1109,5,3,1955,2672
H100474,746745,1951,4,3,1973,2752
H100475,462644,2160,5,2,1968,8558
H100476,586483,1684,1,2,1958,6014
H100477,546687,2526,5,2,1985,7841
H100478,961832,1130,2,2,1989,6198
H100479,667936,2146,4,1,1973,5985
H100480,480812,1497,2,2,1997,3343
H100481,356668,2659,1,3,2012,5946
H100482,259033,2796,4,1,2018,8723
H100483,530519,1416,3,3,2002,6113
H100484,386547,1525,5,2,2003,7364
H100485,286661,2229,2,1,1991,7308
H100486,403014,1606,1,2,1994,3974
H100487,337767,1777,3,1,1963,7714
H100488,753071,1812,5,3,1978,5372
H100489,632245,840,3,2,1955,5480
H100490,498804,1793,5,2,1956,10195
H100491,721991,1455,4,1,1986,7194
H100492,511605,1553,3,1,2002,4722
H100493,370807,2521,3,2,1967,6129
H100494,728468,1171,3,1,1987,6073
H100495,580836,2206,4,2,2008,9372
H100496,344413,1660,1,1,1950,6078
H100497,471449,1660,5,3,2017,10415
H100498,368657,2195,3,1,1993,3406
H100499,292580,1970,4,3,1996,5935
H100500,638926,2085,1,1,1984,4474
H100501,786412,2284,5,1,2009,5010
H100502,290214,1634,4,2,2001,5053
H100503,584445,1493,5,1,1957,4577
H100504,402403,1257,3,1,1990,9460
H100505,426931,1387,1,3,1952,8845
H100506,411140,3274,4,1,2018,6805
H100507,370401,2422,1,2,1963,5051
H100508,507278,1124,3,3,1975,4633
H100509,375357,1138,1,2,2019,7483
H100510,540568,2040,1,2,2007,6600
H100511,492464,2073,2,2,1989,5710
H100512,464157,2074,1,2,2000,7082
H100513,363865,1672,5,3,1954,7782
H100514,413484,1737,4,1,1981,5691
H100515,613308,1963,2,2,1950,4425
H100516,575137,1842,4,3,2003,3357
H100517,353366,690,4,2,1960,6501
H100518,514899,1685,3,1,2002,10334
H100519,612708,1374,3,3,1957,3778
H100520,249589,1887,2,3,1974,8198
H100521,581504,3292,3,1,1989,4648
H100522,400606,1983,3,3,1981,5051
H100523,585589,1643,3,1,1977,7829
H100524,385511,2260,4,3,1952,5489
H100525,229267,2041,2,3,2011,6496
H100526,255868,2010,4,1,1976,6458
H100527,507212,2103,5,1,1994,4652
H100528,538958,2828,4,3,1974,7790
H100529,364352,1234,5,3,2010,5876
H100530,595788,2036,1,1,1993,3222
H100531,250771,1336,1,1,1995,4215
H100532,490088,2077,5,3,1963,1000
H100533,318347,1340,5,3,1957,6103
H100534,402224,1591,4,3,1997,8608
H100535,507109,1652,5,1,1963,3905
H100536,370937,2287,2,3,2014,7171
H100537,442316,2259,1,2,1956,6861
H100538,650943,1177,1,1,1998,4496
H100539,413466,1827,5,3,2004,9073
H100540,625353,1445,3,1,1962,5454
H100541,330543,1170,3,2,2022,10020
H100542,579470,1691,5,1,2005,2728
H100543,716235,1645,2,3,2005,5461
H100544,129253,3013,3,2,1964,5699
H100545,380465,2016,5,2,2006,5918
H100546,586560,1111,2,3,2007,7432
H100547,469543,1517,2,3,1984,12796
H100548,555671,2310,4,3,1965,6910
H100549,409402,2844,2,1,1957,6048
H100550,512988,1007,3,1,1994,3807
H100551,476648,860,3,1,1989,2219
H100552,675167,2735,5,3,2003,8340
H100553,538163,1994,5,3,1963,4906
H100554,550640,1365,2,1,2008,11208
H100555,438218,2067,1,2,2002,7736
H100556,426859,482,4,1,1976,6683
H100557,435116,1801,1,2,1996,6788
H100558,559167,1963,2,3,1955,6807
H100559,436852,2262,2,3,2004,4610
H100560,543466,1293,1,1,1993,2496
H100561,811310,1842,4,1,1967,4898
H100562,630668,1337,1,3,1965,5963
H100563,451096,1927,5,1,1961,4704
H100564,680182,1352,3,3,1969,3427
H100565,438788,1595,5,3,1994,4503
H100566,194281,1302,3,2,2013,8071
H100567,348787,2125,2,1,2008,7496
H100568,219381,2229,4,3,1971,6342
H100569,447272,1682,1,1,1996,7174
H100570,502762,1819,4,2,1978,3736
H100571,751465,1075,1,2,1994,4409
H100572,549039,1650,5,1,1958,6622
H100573,467134,1774,5,1,1973,3990
H100574,624410,3110,1,3,1964,6216
H100575,168329,1244,4,2,1985,3474
H100576,535342,2532,1,2,1962,2700
H100577,615629,2298,2,2,1993,7472
H100578,278212,1940,5,1,2020,8054
H100579,671563,2679,2,3,2021,4738
H100580,550774,1986,5,1,1985,2959
H100581,437706,1994,5,1,2010,1583
H100582,594917,1773,3,1,1989,9684
H100583,840603,2411,2,3,1976,6222
H100584,527279,2348,2,1,1950,4784
H100585,537233,1487,3,2,1983,5272
H100586,431095,1140,4,2,2017,2173
H100587,372523,1698,2,2,1970,7239
H100588,624550,1399,1,3,1982,10000
H100589,371587,1768,3,1,1956,4434
H100590,510734,2418,2,3,2014,10766
H100591,428351,1571,4,1,1952,5767
H100592,571846,1778,2,2,2000,9333
H100593,550049,1829,5,1,2003,6614
H100594,655630,2224,1,1,2008,6612
H100595,423497,676,3,1,1955,9687
H100596,459518,1496,5,3,1978,7565
H100597,353185,1905,4,1,1966,6749
H100598,433356,2400,5,1,2009,2117
H100599,556595,1554,5,1,1971,2985
H100600,613548,861,4,3,1973,6917
H100601,361675,2109,5,3,2000,8935
H100602,630440,1482,3,3,1999,6256
H100603,703345,1205,2,1,1960,4817
H100604,562015,1487,5,2,2005,2321
H100605,781519,1707,3,2,2020,4432
H100606,383931,1497,2,2,1991,6261
H100607,313301,697,2,1,1988,4287
H100608,233191,2248,5,2,2018,4071
H100609,724406,2437,3,2,1997,5897
H100610,598154,2125,5,2,2006,8896
H100611,491662,1231,4,1,1970,7369
H100612,541995,1699,2,2,1969,6571
H100613,331176,1796,5,2,1964,6376
H100614,866862,2099,2,1,2018,7102
H100615,519383,2134,3,3,2000,5779
H100616,516409,1432,1,2,2011,5177
H100617,608864,1840,5,3,1986,7476
H100618,572151,2028,5,2,1955,5549
H100619,533582,2527,2,1,2020,3622
H100620,381428,2152,3,3,1975,8886
H100621,570720,2194,4,3,1957,2260
H100622,782303,1841,3,3,2022,9036
H100623,701813,2505,5,3,1953,7012
H100624,738977,2004,4,2,1970,4061
H100625,423317,1369,3,2,1980,6048
H100626,351559,2501,1,3,1970,5142
H100627,481131,2148,2,2,1974,7615
H100628,508358,1578,3,3,1964,7575
H100629,664128,1560,3,3,1984,6922
H100630,246130,1948,1,1,1998,7492
H100631,729432,2031,5,3,1992,5770
H100632,476298,1898,2,2,1990,9523
H100633,435967,1955,3,3,1986,8447
H100634,348184,2649,4,1,2006,5045
H100635,251771,2335,3,2,1991,7621
H100636,623475,1895,2,1,1996,7447
H100637,510997,2270,3,1,2010,5480
H100638,306505,1283,1,3,1963,5323
H100639,305738,1998,3,1,2017,8429
H100640,449632,2704,3,1,2002,5970
H100641,750353,1690,4,2,1983,6520
H100642,461061,1376,1,1,1973,8802
H100643,274528,1473,1,3,1969,11066
H100644,463138,1255,3,3,2018,4946
H100645,459091,1407,4,3,1979,5558
H100646,100000,1614,3,1,1956,6148
H100647,491855,1097,3,2,1985,6193
H100648,465359,1807,2,3,1987,6752
H100649,604430,2251,2,1,2001,5019
H100650,777343,1346,4,3,1964,3467
H100651,668984,2559,5,3,1995,9507
H100652,459666,2055,2,2,1972,7224
H100653,334021,2315,5,3,1961,5162
H100654,886003,1471,1,2,1993,6874
H100655,508882,2227,2,1,1964,9665
H100656,502089,1254,2,3,1998,4423
H100657,496381,2245,4,1,1970,6422
H100658,529712,1885,5,1,1964,3220
H100659,478345,2076,2,1,1963,5763
H100660,413950,1212,2,3,1991,7233
H100661,417971,1352,4,2,1964,3770
H100662,495087,2098,4,3,2012,5625
H100663,418486,1325,5,1,2017,7599
H100664,393073,2031,1,2,1976,7178
H100665,515964,1116,1,1,2002,3684
H100666,461753,2224,3,2,2001,6747
H100667,725598,1183,2,3,2012,7117
H100668,102354,2076,5,2,2022,6215
H100669,663726,2112,2,3,2002,8178
H100670,686912,1451,5,1,2006,4821
H100671,188991,2091,5,2,2001,6824
H100672,448596,1930,5,1,1992,3669
H100673,444283,1530,2,2,1956,2798
H100674,288873,1295,4,3,1991,7562
H100675,383327,818,2,2,1953,6041
H100676,333413,1974,5,2,2018,5073
H100677,762840,1017,3,3,1954,3869
H100678,640351,1847,1,3,1990,7654
H100679,690733,1668,5,3,1953,2983
H100680,608250,2139,3,2,1951,7985
H100681,330642,1648,4,1,2016,6901
H100682,421321,1635,5,2,1970,3084
H100683,573406,2165,3,2,2019,6251
H100684,316680,1967,5,1,1992,11307
H100685,606949,1958,2,3,2018,8378
H100686,463951,2034,3,2,1958,4343
H100687,443776,1032,2,1,1977,7433
H100688,606643,2178,2,3,1975,3168
H100689,566639,2106,3,3,1952,3257
H100690,445855,1291,1,2,2022,5865
H100691,673899,1677,3,3,1998,7103
H100692,337840,1780,1,3,1966,7622
H100693,592390,1732,5,1,2012,7650
H100694,588965,1966,5,1,2004,6989
H100695,453568,2515,3,3,1972,2772
H100696,548919,2340,5,1,1983,5878
H100697,312332,1143,4,3,2018,7937
H100698,638604,2111,2,2,1964,6886
H100699,472264,2464,2,1,1996,6364
H100700,421591,1993,1,3,1952,6658
H100701,657351,2345,5,3,1977,6625
H100702,394348,2806,1,1,1952,2070
H100703,288730,2311,2,1,1953,8309
H100704,266505,1924,2,2,1980,5778
H100705,590901,2322,5,3,1994,7415
H100706,307935,1872,4,2,2008,1388
H100707,763219,1811,4,2,1994,9321
H100708,187710,1624,5,2,1986,3687
H100709,754468,2581,5,1,2014,11082
H100710,531652,1390,1,2,1958,10238
H100711,485493,2566,5,1,1966,3350
H100712,418262,2049,4,1,2014,7634
H100713,559870,1100,5,2,1952,3965
H100714,494354,1983,1,2,1975,4721
H100715,665495,749,1,3,2002,4766
H100716,517134,2112,1,2,1980,6895
H100717,522545,2242,1,3,1975,6649
H100718,445458,1503,3,2,1972,3596
H100719,491458,1861,5,2,1979,6879
H100720,546170,2777,2,2,1959,5591
H100721,243474,1547,5,2,2021,2358
H100722,297772,1270,3,3,2013,5131
H100723,611489,2540,1,3,1971,9320
H100724,525629,2781,3,2,1964,5199
H100725,472402,1801,4,2,2005,2328
H100726,502765,2305,4,3,1969,7628
H100727,552137,2470,5,1,1996,4144
H100728,419036,1428,5,1,2002,6428
H100729,383254,1557,2,1,2002,5656
H100730,529376,2415,2,3,1950,9523
H100731,353244,2642,4,3,1951,5657
H100732,561237,2081,1,1,2007,3710
H100733,244612,1360,3,1,1968,5062
H100734,654373,2793,2,2,2011,3542
H100735,570889,1534,2,3,2021,5581
H100736,538404,1632,1,3,1961,9539
H100737,647403,1971,1,1,1975,8496
H100738,749821,2577,5,1,1976,10082
H100739,652155,2226,3,3,1978,6958
H100740,223868,2007,1,2,1964,6286
H100741,308063,2031,2,1,1995,4003
H100742,406277,1821,2,3,1950,6539
H100743,503913,2079,4,3,2009,5739
H100744,577648,535,1,2,2006,7557
H100745,391138,1651,5,2,1952,3755
H100746,528015,1920,3,1,1967,6105
H100747,386692,1224,5,1,2001,2853
H100748,408272,1993,2,1,2009,6675
H100749,289000,1697,5,3,1983,7351
H100750,361515,2677,2,1,2009,2756
H100751,297247,2586,2,3,1975,3320
H100752,353619,1567,2,1,2021,3408
H100753,658046,1724,2,2,1968,5644
H100754,357590,1763,2,2,1971,3205
H100755,894857,1574,4,3,1982,8756
H100756,573997,1897,5,2,1987,6872
H100757,527725,1420,4,3,1984,7198
H100758,371246,1234,4,3,2016,2821
H100759,605046,2111,1,2,1959,8586
H100760,413654,2114,1,3,1964,7299
H100761,518301,1397,1,2,1960,4635
H100762,884012,2247,3,1,1973,2916
H100763,485591,1484,1,1,1953,5847
H100764,672390,1926,5,2,1962,5067
H100765,394523,2210,4,2,2022,5150
H100766,494751,1783,5,2,2006,4589
H100767,765620,2027,1,2,1986,7442
H100768,405954,1541,3,1,1997,1000
H100769,771867,1701,3,3,2020,8859
H100770,606162,1697,4,3,1950,7996
H100771,415629,1426,5,1,2009,6421
H100772,594861,1711,2,3,1961,5711
H100773,645883,1025,5,1,1970,8166
H100774,593271,1554,1,3,1960,5915
H100775,264466,1657,2,2,1993,5443
H100776,390929,1671,3,2,2007,8277
H100777,462872,1679,4,2,1993,10186
H100778,488834,1769,4,1,1983,4057
H100779,593100,2039,3,1,1974,6849
H100780,526655,2237,1,3,1953,3827
H100781,299698,1475,3,3,2013,7003
H100782,557029,1198,1,3,1965,4443
H100783,591587,1278,2,1,1959,8423
H100784,583968,1556,3,3,2015,5799
H100785,662117,1624,1,2,1984,6092
H100786,625088,1415,2,3,1955,9262
H100787,568877,1151,3,2,1968,4533
H100788,489475,1571,4,1,2008,7369
H100789,250855,1890,3,2,2002,4733
H100790,564442,2097,5,2,1957,8392
H100791,531153,1521,3,2,1959,9573
H100792,540736,1593,5,1,2016,5474
H100793,308487,1336,2,1,1987,1611
H100794,337841,1784,3,1,1978,4623
H100795,657972,1375,2,1,1964,10865
H100796,494066,2086,2,3,1972,4815
H100797,602225,907,1,1,1995,9542
H100798,504247,1620,2,2,1977,4787
H100799,504463,1950,2,1,1975,4738
H100800,640742,1891,3,3,1959,7558
H100801,422593,3146,3,3,1996,7318
H100802,514418,1974,4,3,1953,7704
H100803,430658,1297,1,2,2004,6009
H100804,434825,1752,2,1,2015,8068
H100805,453624,911,1,1,2016,7923
H100806,533320,1759,5,1,1956,8298
H100807,428187,1383,2,2,2004,4752
H100808,688363,2257,1,2,1980,8067
H100809,365808,1525,4,3,1968,4957
H100810,471969,1741,4,3,1977,5685
H100811,434040,1482,2,1,1977,5644
H100812,717046,2669,5,2,1968,4003
H100813,529483,1639,4,2,1969,2528
H100814,654776,2716,4,1,1962,8447
H100815,277165,2207,5,1,1992,4595
H100816,540057,2041,1,3,1960,5460
H100817,633444,1984,4,3,1997,4538
H100818,512342,1996,3,3,1964,5486
H100819,659822,836,4,1,1966,4988
H100820,422406,1660,1,1,2003,8558
H100821,711402,2222,1,3,1999,4818
H100822,844834,1775,2,3,1977,9429
H100823,445574,1097,3,2,1953,8278
H100824,433174,1773,1,2,1971,5051
H100825,718007,2652,5,3,1988,6639
H100826,736935,2423,3,3,1983,7038
H100827,421570,1768,3,2,1993,7683
H100828,436971,2275,5,3,1991,7880
H100829,457732,1616,4,2,1989,6373
H100830,298332,948,5,2,1961,4091
H100831,362202,1337,5,2,1951,7281
H100832,349378,2581,4,1,1977,5526
H100833,384830,1663,4,1,2016,1000
H100834,494797,1678,4,3,2020,6780
H100835,535132,1650,4,2,2021,4531
H100836,732575,2752,4,1,1959,5083
H100837,350246,2612,5,3,2006,6012
H100838,647648,2909,2,3,1986,2892
H100839,467901,1720,2,3,2013,6278
H100840,492580,1947,1,3,1989,5366
H100841,601222,1041,2,3,2009,4245
H100842,331591,2538,2,2,1997,6092
H100843,557361,1216,5,3,1968,2619
H100844,524967,1908,4,2,2021,6151
H100845,573867,1251,4,1,1982,6941
H100846,543375,1505,5,3,1993,6610
H100847,868295,1381,2,1,1986,7577
H100848,404339,1496,5,2,1985,8330
H100849,420350,1530,1,2,1970,5837
H100850,406528,1525,4,1,1951,8190
H100851,416678,2216,3,3,1980,5829
H100852,404391,1247,1,3,1979,4601
H100853,678352,1910,1,1,1993,5214
H100854,713075,2408,5,1,1961,6533
H100855,414388,1543,2,1,2000,8170
H100856,375146,1441,4,3,1998,6002
H100857,570712,1684,3,3,1973,4652
H100858,417166,2389,1,3,1973,8888
H100859,594939,1897,3,1,2009,3130
H100860,530438,1534,2,3,1960,4665
H100861,272638,2041,2,2,1962,7785
H100862,732125,1248,3,1,2021,9532
H100863,769381,2140,4,3,2021,6961
H100864,408081,2004,2,1,2013,6499
H100865,441844,1646,3,2,1969,5418
H100866,542879,1380,1,2,2021,7096
H100867,550168,1356,3,1,2022,6258
H100868,598781,2067,3,1,2020,4490
H100869,801530,2414,5,2,1977,5382
H100870,473457,1481,2,1,1951,4265
H100871,380255,2029,4,2,1992,6027
H100872,293102,756,4,2,1957,6323
H100873,390360,1507,5,3,1962,9268
H100874,495030,1784,4,1,1984,4805
H100875,769183,1345,3,1,1972,5638
H100876,422358,1331,5,3,1995,8518
H100877,533568,1466,1,2,1964,9610
H100878,497536,1946,2,1,1951,6949
H100879,678258,1706,2,3,2010,5492
H100880,879039,680,2,3,2013,5053
H100881,420369,739,3,1,2001,2313
H100882,426584,1496,1,3,1985,4144
H100883,656624,2028,5,2,2016,6203
H100884,602283,426,5,3,2018,5638
H100885,777006,1550,2,2,2016,7246
H100886,587589,1536,1,2,1996,5609
H100887,446106,2494,1,1,1951,4547
H100888,588598,1607,1,3,1993,6682
H100889,666305,1991,4,2,2013,11010
H100890,623072,1870,4,2,1977,5365
H100891,576091,734,2,3,2003,6277
H100892,660001,2184,1,2,2016,7693
H100893,675394,1907,1,3,1985,4856
H100894,707323,2054,5,1,2012,8545
H100895,597306,3763,5,2,1974,2841
H100896,474932,757,2,2,1997,5184
H100897,522007,2662,1,3,1988,5377
H100898,680976,1656,2,3,1996,6302
H100899,377459,1943,5,3,1970,2057
H100900,555300,1777,5,3,1979,8705
H100901,440999,1587,4,2,1980,6828
H100902,504311,1515,2,1,1975,8245
H100903,691767,1964,2,1,1971,9226
H100904,528664,1041,1,1,1970,4518
H100905,506965,2175,1,1,1950,1011
H100906,296021,1591,4,3,1986,8292
H100907,611938,1234,3,2,1995,5427
H100908,596822,1574,3,2,1958,3733
H100909,824488,2428,3,2,1966,7152
H100910,453833,1532,2,3,1996,10927
H100911,532872,1979,2,2,2008,5782
H100912,537407,1434,5,3,2003,7902
H100913,736617,2178,2,2,1961,4024
H100914,485705,2142,2,1,2013,2626
H100915,541853,2724,2,3,1955,7827
H100916,591184,1712,4,2,2002,7092
H100917,527991,2134,2,1,1965,5068
H100918,433034,1849,1,1,1954,9412
H100919,529113,2447,1,1,2022,2471
H100920,661044,1440,5,3,1995,3539
H100921,346022,2172,4,3,1963,4914
H100922,519945,1702,1,2,1993,5287
H100923,394981,1767,4,1,2012,8930
H100924,679256,1845,4,2,2001,6098
H100925,271521,1926,5,2,1975,5614
H100926,416161,1741,4,1,2002,3459
H100927,556581,1907,2,2,1978,8173
H100928,734828,2589,4,3,1968,3726
H100929,490137,2292,5,2,1996,3450
H100930,416720,2234,5,1,1957,5199
H100931,782173,1572,5,3,1972,6326
H100932,282797,1355,1,3,1984,4559
H100933,170179,2277,2,2,2002,7414
H100934,566002,2238,1,2,2007,5434
H100935,424691,2536,3,3,1954,8105
H100936,346815,1498,2,2,1965,7010
H100937,606253,1685,4,1,1966,9582
H100938,536570,980,5,2,1981,5115
H100939,415388,1603,3,2,2001,7687
H100940,307954,2298,2,3,1969,2426
H100941,630868,1566,1,2,2015,11783
H100942,597530,2120,5,2,1950,7587
H100943,485123,1704,1,2,2007,5407
H100944,776995,1962,2,1,1993,5481
H100945,339487,1226,2,2,1955,5505
H100946,271171,1842,3,1,1999,9680
H100947,396213,400,4,1,2021,7797
H100948,493162,1706,1,1,1969,5113
H100949,536500,984,3,1,1963,3522
H100950,463814,2402,5,3,1954,8392
H100951,552808,2188,4,1,1990,7677
H100952,312269,2033,3,2,1989,7412
H100953,716564,2560,1,1,1983,5832
H100954,487677,1325,2,2,1994,5400
H100955,667594,2673,5,1,2020,9370
H100956,551408,2266,1,3,2020,9556
H100957,568512,1681,4,1,1976,7280
H100958,585465,2367,4,1,1993,7939
H100959,567156,1246,2,3,1982,6472
H100960,596408,1387,2,1,1982,3260
H100961,699372,1495,5,2,1993,4040
H100962,529478,1535,5,1,1969,8292
H100963,606350,1271,2,1,1985,8547
H100964,486539,2411,2,1,1956,8108
H100965,716017,1670,4,3,1981,6692
H100966,398541,1976,2,1,2016,8182
H100967,770141,1514,3,1,1988,5883
H100968,493976,889,1,2,1973,7242
H100969,285383,1935,2,1,2019,5590
H100970,519215,843,5,1,2003,3886
H100971,397842,1765,3,1,1987,7729
H100972,626096,1115,5,1,1981,8550
H100973,402106,2793,3,2,1994,10947
H100974,433072,2255,2,2,2010,6528
H100975,216568,1852,1,3,2019,3904
H100976,432154,2431,5,1,2002,5343
H100977,136418,1376,3,3,2000,5728
H100978,262414,2071,4,3,2005,6296
H100979,614062,1899,2,1,1976,6941
H100980,617870,1932,1,2,1987,6725
H100981,563818,2436,2,2,2011,7554
H100982,354953,2166,4,1,1967,6394
H100983,492843,1944,1,1,2013,1549
H100984,499459,972,4,2,1979,6454
H100985,326245,1319,2,1,1998,6173
H100986,725509,1738,3,1,1990,7100
H100987,631604,1846,2,1,1962,5277
H100988,466855,1234,2,2,1983,6447
H100989,504032,3005,2,3,1974,7112
H100990,531257,2558,5,3,2015,5679
H100991,193739,2101,4,1,1967,7351
H100992,462923,1836,4,2,1954,6140
H100993,397702,1693,4,1,1968,6313
H100994,349756,1324,5,2,1991,1000
H100995,457834,1838,3,1,1967,3712
H100996,769652,1928,2,2,1981,3717
H100997,596126,1179,3,2,1970,6432
H100998,414323,1967,5,3,1959,8543
H100999,585887,1722,4,1,1986,5763
H101000,709903,846,2,3,1998,7696
H101001,638695,1369,1,3,1962,7296
H101002,508944,1593,1,2,2004,6279
H101003,402959,2743,3,1,1966,7147
H101004,604733,2078,4,2,1958,6491
H101005,559022,1132,1,2,1993,5715
H101006,634278,2043,3,2,1995,6782
H101007,595275,1026,5,1,1957,8893
H101008,657432,2341,3,1,1986,6945
H101009,419714,1564,3,2,1968,6435
H101010,697609,1753,3,1,2012,4245
H101011,529639,2462,2,2,1995,8831
H101012,811289,1156,3,1,2020,3185
H101013,396621,1101,3,1,1975,2587
H101014,760394,1508,2,3,1995,6742
H101015,529686,2319,2,2,1995,4238
H101016,402287,1040,5,3,1963,8178
H101017,427417,400,4,3,2012,2632
H101018,451947,1574,1,2,2021,7923
H101019,563624,2075,1,2,1952,7641
H101020,578425,2400,3,1,1977,6236
H101021,413944,1568,5,2,1978,1800
H101022,496346,1594,3,3,1967,2553
H101023,821340,2376,1,3,1984,6479
H101024,759131,865,2,2,1996,5534
H101025,565448,1605,4,3,1954,7454
H101026,505700,1895,5,1,2008,5863
H101027,518004,2024,2,3,2008,5689
H101028,592027,1545,4,1,1996,1147
H101029,346581,1817,5,3,1962,7644
H101030,461393,555,5,1,1982,4701
H101031,249712,1470,1,1,2011,5203
H101032,559883,2026,2,2,1965,3860
H101033,597079,1308,5,1,1993,2919
H101034,427522,1829,5,2,2007,8944
H101035,736098,2023,4,3,1955,7590
H101036,316135,1628,1,3,1964,7623
H101037,280343,1885,3,3,1953,5566
H101038,533667,1318,1,1,2005,2524
H101039,657064,1696,3,3,2013,10204
H101040,752589,2105,2,3,2017,6844
H101041,431167,1878,2,2,1983,6273
H101042,661802,1506,5,2,2005,5281
H101043,494223,1912,2,3,1981,1910
H101044,474105,2157,5,3,1958,8283
H101045,632548,775,1,1,2012,3884
H101046,597848,2379,2,1,2021,7093
H101047,263541,1631,1,3,1982,7541
H101048,721481,2012,1,2,1970,6668
H101049,707013,2398,2,3,2004,6939
H101050,406165,1114,1,1,2006,8692
H101051,559370,1445,2,2,1951,4415
H101052,574104,1655,2,2,1962,6329
H101053,539101,1408,2,1,1953,5549
H101054,417454,2667,3,3,1999,2320
H101055,399256,1371,1,3,1997,6572
H101056,496166,1522,4,3,1979,8502
H101057,675909,1902,2,1,1978,8752
H101058,581540,1198,1,2,1957,9714
H101059,444407,1602,5,1,1961,2452
H101060,615754,1958,2,3,1990,9257
H101061,100000,1633,2,1,1975,6369
H101062,672314,1753,4,2,1999,9201
H101063,239042,1535,3,1,1951,5210
H101064,445633,1042,3,3,2004,4938
H101065,332049,1960,2,2,2005,3569
H101066,305797,2677,1,1,1963,7551
H101067,674124,1809,5,1,1955,7028
H101068,429844,1912,5,2,2010,3765
H101069,551975,2146,1,2,1961,1671
H101070,492961,1165,2,3,1962,6830
H101071,571556,2651,5,2,1968,7058
H101072,511523,1901,3,3,1993,4026
H101073,307551,2615,1,1,2008,3624
H101074,649440,1433,4,3,1986,7311
H101075,425936,2709,2,1,1974,9712
H101076,266512,2187,1,2,1965,5010
H101077,435782,2076,5,1,1987,4240
H101078,725113,1917,2,2,1992,6597
H101079,627533,1675,3,1,1963,7270
H101080,447702,2400,2,1,1955,5271
H101081,447611,1870,2,1,1972,10050
H101082,451754,816,3,1,2009,7803
H101083,811512,1241,3,3,1961,5237
H101084,557290,1707,2,1,1962,2815
H101085,564506,1954,3,3,1955,8638
H101086,654542,1771,1,2,2012,8383
H101087,535818,2409,3,2,1987,5394
H101088,461143,824,3,3,1999,6701
H101089,470547,1871,2,2,2001,5699
H101090,489259,891,1,2,1989,7041
H101091,494416,2179,4,1,1957,3950
H101092,609144,1752,4,1,2010,3664
H101093,507791,2009,5,1,1957,7621
H101094,609896,1368,3,3,1983,7875
H101095,487892,2439,3,3,2009,5018
H101096,511795,2320,1,2,2006,4501
H101097,200269,2091,4,1,1995,8295
H101098,637449,1735,5,3,1971,4569
H101099,551973,2089,1,3,1989,6110
H101100,649701,1446,3,1,1994,5857
H101101,100000,2227,4,3,2004,3066
H101102,813256,2624,5,1,2000,6384
H101103,479061,2335,2,2,1954,6188
H101104,666227,1435,4,2,1962,6720
H101105,344014,1980,5,2,1977,6316
H101106,591916,1153,1,1,2011,10271
H101107,341987,2086,2,3,1973,8323
H101108,406434,2025,5,2,1956,6077
H101109,787104,865,5,2,1987,6260
H101110,471397,1219,3,2,1986,9527
H101111,532614,1658,4,3,2017,7726
H101112,630510,1649,3,3,1991,3541
H101113,574352,1195,2,1,1954,7897
H101114,522562,1994,5,2,2013,8485
H101115,554744,1925,3,3,1999,9235
H101116,860512,1702,4,1,1964,5197
H101117,491357,1422,2,2,2022,5051
H101118,530164,2324,1,3,2002,4116
H101119,657598,2627,3,3,1974,6616
H101120,665828,1558,2,1,1958,7465
H101121,678054,1493,1,2,1987,4973
H101122,595809,2045,3,2,1971,5716
H101123,328549,1620,2,3,1998,1892
H101124,745014,1730,2,2,2017,9018
H101125,328048,2169,3,1,1964,2870
H101126,545395,845,2,3,2014,6749
H101127,386858,2459,5,3,2003,6476
H101128,490379,1836,3,1,1979,6091
H101129,549314,1594,2,3,1969,6137
H101130,548203,1755,1,2,1982,3976
H101131,563288,1781,1,2,1956,5343
H101132,742056,934,5,3,1957,7937
H101133,568030,2547,3,1,1977,8530
H101134,463376,1820,2,1,1994,5158
H101135,644613,2021,2,2,2022,2879
H101136,678420,2275,1,1,1960,4442
H101137,315858,1289,5,3,1980,9705
H101138,589610,2036,1,3,1961,4561
H101139,605175,1666,1,2,2000,5805
H101140,455365,2223,5,2,1993,8831
H101141,706356,736,3,2,1999,4946
H101142,477491,1750,2,1,1966,5668
H101143,518836,1498,3,3,1984,7588
H101144,474039,2016,4,3,1950,9423
H101145,502336,2035,4,3,1978,4708
H101146,335558,1446,4,2,2000,8784
H101147,283992,1443,5,3,2013,5436
H101148,739175,1744,1,1,1953,4228
H101149,372955,1351,3,1,1977,6499
H101150,351291,2220,2,3,1965,3684
H101151,176991,1615,4,2,2012,6944
H101152,404155,400,3,3,2002,12299
H101153,301536,1612,4,1,1966,8211
H101154,746302,1280,4,1,1989,5790
H101155,651472,984,2,1,1962,8104
H101156,396777,1181,5,3,2001,4136
H101157,837865,1854,1,1,2007,4472
H101158,647264,2464,5,2,1986,5845
H101159,451275,1956,3,3,2010,6175
H101160,125089,1496,5,3,1983,3413
H101161,843641,2027,3,1,2019,5387
H101162,291564,1570,3,1,1966,5710
H101163,253190,1452,1,2,1969,9083
H101164,653385,1222,2,3,2022,3413
H101165,865962,924,1,1,2008,3227
H101166,707640,1605,5,2,2018,6351
H101167,584586,1879,3,1,1982,8301
H101168,589213,1751,4,3,1966,7103
H101169,628012,1592,4,1,2006,6605
H101170,613839,1327,3,3,1950,5422
H101171,542178,2104,1,1,1962,7352
H101172,515630,1141,2,3,1976,7653
H101173,490611,2188,1,2,2019,5485
H101174,386905,1298,3,3,2008,4102
H101175,457898,1423,3,2,1955,4115
H101176,246056,1066,2,3,1972,7757
H101177,485249,1549,5,2,1959,2911
H101178,351711,2287,5,1,2000,9354
H101179,334461,2057,2,3,1968,5087
H101180,526984,2289,5,1,2000,6619
H101181,708800,2061,4,2,2017,7403
H101182,637747,1248,5,3,1991,4632
H101183,264424,1634,5,3,2006,5080
H101184,351555,1409,5,1,2017,6263
H101185,641115,2465,4,3,1987,4292
H101186,352626,1201,5,3,2011,3864
H101187,466305,2246,4,1,1956,4044
H101188,582507,2246,2,3,2020,8418
H101189,354748,2714,1,1,1999,6795
H101190,515806,1595,2,1,2001,4413
H101191,299896,2156,1,1,1975,7745
H101192,409794,2940,2,1,1975,4524
H101193,547967,1491,1,1,1968,2099
H101194,261050,1032,1,2,1958,7393
H101195,566071,859,3,2,2010,9292
H101196,497054,2156,1,1,1969,7116
H101197,582873,858,1,2,1999,2225
H101198,533587,1613,3,2,1971,5952
H101199,704621,2018,5,3,1962,5450
H101200,518783,1892,5,1,1961,6756
H101201,435589,2012,3,2,1959,4305
H101202,518344,1911,4,3,2014,5333
H101203,581494,2439,1,3,1979,3159
H101204,507329,1323,1,1,1957,6443
H101205,506088,1461,3,1,1970,3234
H101206,394701,1413,3,3,1971,6874
H101207,400564,2215,4,1,1967,4498
H101208,289609,2250,5,1,2015,1000
H101209,762436,2025,2,3,1997,7587
H101210,313420,2391,5,3,1993,6988
H101211,396064,1210,1,1,1958,8705
H101212,392238,2633,3,2,2016,1819
H101213,634238,2561,4,1,2003,4690
H101214,455757,2167,5,2,1975,6263
H101215,687161,2690,4,3,1975,7143
H101216,398976,971,5,2,1983,3074
H101217,541849,1537,1,3,1957,6862
H101218,374697,1432,2,1,1959,4856
H101219,821772,2160,4,1,1997,2289
H101220,321860,1274,4,3,2004,4498
H101221,546473,2178,2,3,2003,7028
H101222,595066,2485,4,3,1989,2373
H101223,562069,2147,4,1,1964,7274
H101224,472206,1941,5,1,1967,6566
H101225,480526,1306,5,2,1972,5492
H101226,506571,1376,2,3,2011,2729
H101227,477949,2424,1,2,1995,2890
H101228,644581,2189,4,1,1988,5203
H101229,831578,1780,1,2,1964,3750
H101230,416376,1591,2,2,2002,5332
H101231,294529,787,2,1,2013,7812
H101232,486757,1264,5,1,2012,5453
H101233,886956,2755,4,3,1965,5399
H101234,379448,1159,3,2,2019,5400
H101235,745867,1894,2,1,2015,8026
H101236,751655,2303,4,1,1962,8586
H101237,416961,1172,1,2,1996,6843
H101238,585347,1892,5,1,1958,6273
H101239,744259,2268,1,3,2012,6459
H101240,443130,1806,2,3,1983,8855
H101241,469462,3234,2,2,1978,6952
H101242,412747,965,1,3,1986,9044
H101243,347786,2329,2,1,1992,5161
H101244,402608,1713,4,1,2013,3328
H101245,316408,2185,2,1,1973,4661
H101246,505112,2020,5,1,2020,4874
H101247,384504,1433,4,2,1983,9209
H101248,535067,1914,3,3,1997,7472
H101249,266615,871,2,3,1961,4725
H101250,549632,2101,2,1,1972,7616
H101251,625029,1949,5,2,1962,5740
H101252,200939,2119,5,1,1994,9269
H101253,556108,2329,1,1,2014,5332
H101254,684150,1983,1,2,1996,2922
H101255,318553,1874,1,2,2007,5626
H101256,750885,1359,5,1,1954,5333
H101257,562852,1443,1,3,1954,3313
H101258,394248,2393,1,1,2009,7171
H101259,491634,2518,3,3,1970,8849
H101260,583749,1680,1,3,1973,3755
H101261,511400,1823,2,2,1967,7945
H101262,580813,1347,5,2,1970,4786
H101263,361898,2386,4,1,2003,5950
H101264,525404,2132,3,3,1959,5740
H101265,287942,2770,5,3,1973,5950
H101266,483316,1360,5,1,2009,6946
H101267,364413,1610,2,1,2006,3951
H101268,389670,1915,1,1,1972,8586
H101269,685413,2123,2,2,1971,7007
H101270,663696,1692,1,1,2017,7671
H101271,591370,1363,1,1,1983,4439
H101272,336153,2240,5,3,2019,3770
H101273,452538,2160,1,1,1977,8365
H101274,681964,1341,3,3,1988,3684
H101275,521257,2477,3,3,1991,6298
H101276,847899,2385,3,2,1972,8037
H101277,558997,1867,5,1,2019,5746
H101278,528807,1839,2,1,1951,8340
H101279,453632,2077,4,3,1973,5456
H101280,520031,1369,1,2,1966,3445
H101281,477129,1815,4,2,2014,6748
H101282,606216,723,2,1,2019,6396
H101283,643505,2238,2,3,2018,11375
H101284,382101,1019,5,1,2009,4109
H101285,300315,2551,3,1,1999,5496
H101286,224569,1634,3,1,1961,4538
H101287,576198,1694,2,1,1996,5715
H101288,334495,1486,5,3,2016,5634
H101289,177066,1655,5,2,2014,4255
H101290,558286,2509,1,1,1976,6936
H101291,873949,556,3,1,1997,5571
H101292,499089,2438,2,1,2011,8690
H101293,625773,1969,4,1,1993,4702
H101294,512274,1196,3,2,1968,9722
H101295,485166,1262,1,2,2008,6551
H101296,637861,2638,5,2,1957,8542
H101297,456458,1327,2,2,2004,6230
H101298,540108,1223,3,1,1996,4438
H101299,548254,2368,4,3,1951,5472
H101300,399786,1969,1,2,1988,3226
H101301,648806,1331,1,2,1994,5776
H101302,473756,1908,3,1,1981,6344
H101303,386638,1287,4,1,2014,6091
H101304,580476,2350,1,1,1987,8660
H101305,365229,2330,2,1,1960,5701
H101306,504227,2066,1,3,1959,2212
H101307,498632,1980,4,3,2008,13088
H101308,662884,2680,5,2,2004,4618
H101309,571204,1799,5,3,1969,7937
H101310,496245,1209,3,2,1966,2991
H101311,622664,2024,4,2,2017,6490
H101312,708531,2843,1,3,1954,4410
H101313,583671,1292,1,2,2009,1000
H101314,501552,1619,5,1,1972,5434
H101315,303224,2008,5,2,1995,5899
H101316,340232,1773,2,1,2001,5562
H101317,454216,1308,5,3,1959,6486
H101318,408573,2360,2,3,1995,5460
H101319,471954,2960,1,2,1977,6138
H101320,508497,1898,2,1,1992,6340
H101321,579453,1347,2,2,1975,5929
H101322,489425,1025,3,3,2004,5658
H101323,572975,1928,5,2,1997,4212
H101324,509671,2351,2,2,1978,7188
H101325,203680,2037,1,1,1976,5434
H101326,359099,1798,4,3,1967,5272
H101327,478386,1505,2,2,2009,7024
H101328,318545,1253,5,1,2018,6423
H101329,589989,2217,3,2,1970,4603
H101330,729612,2256,1,1,1973,8501
H101331,682814,1027,3,1,1952,3621
H101332,467983,2594,4,2,2011,3937
H101333,723608,2087,2,3,1951,7336
H101334,522300,2499,2,3,2015,9502
H101335,449437,1128,5,1,1991,4845
H101336,407989,1117,2,3,1983,6825
H101337,454629,1725,1,1,1991,3615
H101338,441773,2051,4,3,1969,4142
H101339,525562,2698,3,2,2017,8264
H101340,524086,2153,4,3,1994,6731
H101341,500456,1678,2,1,1991,8326
H101342,565540,1286,3,1,1996,8172
H101343,678596,2415,5,3,1954,1820
H101344,642433,1317,4,2,1998,3608
H101345,277265,2614,3,1,1986,6548
H101346,116911,1657,3,1,1983,2605
H101347,640147,2595,3,1,2022,3891
H101348,294968,2139,1,1,2019,8853
H101349,466285,1731,4,1,1967,4916
H101350,324483,1540,3,2,1968,7420
H101351,229702,1629,4,3,1989,5943
H101352,581219,2014,3,2,1966,4640
H101353,613873,1838,5,2,2009,2671
H101354,413523,1503,5,1,1991,6466
H101355,111343,1717,5,2,2021,8909
H101356,418063,1839,2,1,2014,4696
H101357,558770,735,3,2,2002,6137
H101358,278163,2029,2,1,1956,2960
H101359,527503,1310,4,1,1954,4655
H101360,497703,1223,2,2,1973,6681
H101361,586893,956,4,2,1977,7487
H101362,517937,903,4,3,2011,7111
H101363,354039,1122,4,3,1966,1936
H101364,679485,1445,2,3,1969,5086
H101365,476220,2776,3,2,1952,4065
H101366,495904,1537,2,2,1986,5381
H101367,360009,1888,3,1,1964,5777
H101368,433507,2000,3,3,2000,8132
H101369,367279,1865,4,1,1997,6590
H101370,474058,1761,2,1,1957,8835
H101371,756756,1202,3,1,1962,4600
H101372,294214,2525,5,1,1997,3165
H101373,257965,2703,3,3,1952,8910
H101374,720675,958,5,1,2014,6866
H101375,468601,1287,2,2,2022,4513
H101376,399639,1660,2,2,1980,6875
H101377,655985,1317,2,2,1975,7670
H101378,409157,2052,3,3,2005,6238
H101379,773901,1435,1,1,1983,4541
H101380,601688,2882,3,3,1958,5117
H101381,426813,2395,3,1,2011,6581
H101382,823596,1906,4,3,1962,6397
H101383,409142,2313,4,3,2018,8424
H101384,611314,2352,3,1,1990,5448
H101385,544893,1518,5,3,1950,4072
H101386,695261,1391,4,1,1996,11154
H101387,734226,1839,3,2,1953,6348
H101388,504800,2230,1,2,2012,7668
H101389,386987,1869,5,2,2001,7043
H101390,568995,1011,2,3,1959,6373
H101391,398342,1398,3,2,1977,5544
H101392,802008,1763,3,1,1955,1000
H101393,520480,1762,5,2,1976,3873
H101394,445201,2786,4,2,1961,6658
H101395,527702,1107,4,3,2011,1000
H101396,297931,2052,4,1,2001,6143
H101397,354257,2544,2,3,1997,7322
H101398,680062,2935,5,3,2016,7666
H101399,401465,1597,5,1,1995,7196
H101400,342963,2045,4,3,1964,7916
H101401,580497,2084,4,1,2020,9211
H101402,677855,1897,1,2,1985,8192
H101403,607842,1750,1,1,1963,6393
H101404,649407,2017,3,1,1952,5730
H101405,386480,533,3,1,2016,6229
H101406,286728,2141,5,3,1968,5449
H101407,725200,1863,5,1,2003,8235
H101408,451598,1688,2,1,2018,7144
H101409,462375,2823,2,1,1959,5237
H101410,699229,1462,1,2,1982,8648
H101411,583434,1598,3,1,1962,5416
H101412,568383,2795,1,3,2000,4108
H101413,824750,1383,1,1,1981,5978
H101414,403472,1524,3,1,1973,4351
H101415,639176,1726,2,2,1984,7872
H101416,508551,2220,3,1,2019,4309
H101417,540288,1903,4,3,1989,5769
H101418,729270,1153,4,1,2003,7879
H101419,576175,1533,4,3,1993,4575
H101420,580744,1496,5,2,2011,6822
H101421,660876,1761,2,1,2017,4053
H101422,445257,2012,2,2,1982,6488
H101423,374118,2009,5,1,2005,7134
H101424,343278,911,1,3,1985,5915
H101425,205046,2331,4,2,2003,6067
H101426,808431,1926,4,1,1968,6887
H101427,334518,2492,1,3,1992,5438
H101428,466811,2022,3,2,1961,7779
H101429,458478,2350,3,1,1960,8742
H101430,546111,2033,2,2,2019,4148
H101431,622360,2473,5,1,1961,9534
H101432,629071,2061,2,3,1990,5393
H101433,412538,1751,3,3,1974,9988
H101434,474931,2936,1,2,1952,5420
H101435,542386,2244,2,2,1952,7414
H101436,462696,2086,4,1,1977,7404
H101437,741101,1161,4,3,1972,5225
H101438,573646,1155,1,1,1997,6145
H101439,610231,1946,3,3,2016,8879
H101440,599432,1872,4,2,1991,5355
H101441,676021,1492,4,1,1989,5164
H101442,527153,1870,5,1,1955,3693
H101443,305475,2594,2,3,1969,9135
H101444,559953,2147,3,3,1960,5038
H101445,402296,1229,2,3,1976,8399
H101446,420707,1744,3,2,1970,4797
H101447,587954,1397,4,1,1962,8337
H101448,685742,1606,5,3,1984,7613
H101449,503190,1593,2,2,1996,5543
H101450,546324,1561,4,3,1977,4531
H101451,755332,1172,3,1,1970,4693
H101452,536112,1736,2,3,1967,4668
H101453,890252,1519,2,1,1980,8130
H101454,584826,400,4,2,2009,6320
H101455,235885,2826,2,2,1986,3769
H101456,613001,2344,5,3,1970,5495
H101457,557173,1611,5,1,1963,5737
H101458,693462,1809,4,1,2009,1722
H101459,600977,1214,3,1,1972,5606
H101460,479231,2647,4,3,1978,7446
H101461,316355,2748,5,1,1996,5724
H101462,468646,1878,1,1,1979,6508
H101463,372421,2311,1,1,1987,6969
H101464,412921,1887,2,1,1976,5314
H101465,588286,1131,2,3,1964,7461
H101466,750485,1594,1,3,2008,8914
H101467,559200,1865,5,1,1952,2952
H101468,320617,1572,2,1,1959,5310
H101469,566690,1690,4,2,1966,10659
H101470,679494,1754,4,2,1960,6341
H101471,408532,1759,5,1,1997,5930
H101472,479897,1826,2,1,1954,5483
H101473,502203,1269,4,2,2018,8548
H101474,382265,1441,2,2,2013,4122
H101475,597242,1157,2,1,1963,7852
H101476,481857,2288,4,3,1999,5446
H101477,562929,747,1,3,1975,4500
H101478,366876,2376,4,1,2021,5537
H101479,434381,2493,5,1,2018,5907
H101480,608357,1648,3,2,1956,5004
H101481,444075,498,4,2,1965,8225
H101482,759044,1619,2,3,2004,4515
H101483,440054,1767,2,1,2005,6280
H101484,533702,1294,4,2,1953,7074
H101485,639888,1542,3,3,1997,6259
H101486,287245,2565,4,3,1966,7544
H101487,235878,2132,3,3,1985,5132
H101488,271151,1337,3,2,2019,7245
H101489,689387,1001,5,2,1987,7304
H101490,417221,1636,2,1,2011,7936
H101491,883729,1693,2,1,1997,2228
H101492,415362,2048,3,3,1959,7018
H101493,527682,1532,2,3,1985,7802
H101494,731316,2055,1,2,1978,5177
H101495,800913,2767,3,2,1953,4904
H101496,809225,2207,2,1,1993,4597
H101497,681254,1775,1,1,2005,3935
H101498,653609,1708,5,1,1991,7331
H101499,588879,1621,2,2,1962,10563
H101500,616754,2390,1,3,1995,4887
H101501,417322,1486,4,1,1982,5066
H101502,377270,1822,4,1,1970,6030
H101503,499493,1825,1,2,2006,2796
H101504,474472,1549,3,1,2018,4608
H101505,432015,1113,3,3,2019,5886
H101506,604458,1961,2,2,2016,4212
H101507,643295,1769,4,1,1997,8394
H101508,513261,2050,3,1,1982,3412
H101509,721629,1533,3,2,1985,7802
H101510,328746,2410,4,2,1982,8937
H101511,470951,1361,5,1,1980,6763
H101512,392476,2656,3,3,1970,5725
H101513,220019,926,1,2,1976,6492
H101514,487597,2017,2,3,2021,5118
H101515,481737,2037,3,1,2011,1927
H101516,727017,1402,3,3,1975,4041
H101517,594621,2012,5,1,2015,5977
H101518,346371,2439,1,1,1961,4118
H101519,778113,691,2,1,1971,5173
H101520,683155,2051,3,1,1966,6958
H101521,587314,553,2,3,1956,6290
H101522,466027,1317,4,1,2017,8116
H101523,356084,2614,3,1,1986,6588
H101524,444168,1509,3,3,1987,6705
H101525,663312,1213,4,2,1960,4575
H101526,782687,1701,5,3,1950,3337
H101527,731486,2833,3,3,1974,5174
H101528,426672,884,2,3,1991,4545
H101529,332057,1274,1,1,2001,5666
H101530,521132,2548,2,1,1973,3867
H101531,234734,2728,5,1,2002,7684
H101532,548475,1748,1,2,2005,4538
H101533,477859,1180,2,1,2012,5272
H101534,430094,2847,2,2,1957,5959
H101535,260794,2597,4,1,2008,8246
H101536,577040,2139,5,3,1994,9517
H101537,420094,1393,4,1,1976,9654
H101538,324512,1775,1,2,2001,3436
H101539,100000,1719,4,2,1967,5253
H101540,495872,1965,5,1,1965,4873
H101541,765837,2525,3,3,2015,6740
H101542,749188,2239,3,1,1954,6618
H101543,431435,1261,1,1,1952,4833
H101544,409668,2488,3,1,2019,4676
H101545,570316,1956,4,3,1956,4005
H101546,350242,2143,1,2,1999,1000
H101547,545268,2533,5,3,1963,3403
H101548,614912,1244,1,2,1987,7733
H101549,684039,1782,1,2,1996,8929
H101550,484976,1534,2,2,1982,8695
H101551,469448,1016,2,3,1992,7818
H101552,368302,1973,1,1,1978,3976
H101553,375967,3055,3,1,2006,3637
H101554,466028,879,2,1,1954,2377
H101555,555104,1783,5,1,2009,4833
H101556,637037,2120,4,1,2019,6174
H101557,379523,1861,2,3,1951,3984
H101558,723903,1743,1,3,2019,6862
H101559,459331,1150,3,3,1992,7303
H101560,496794,1916,4,3,1953,5051
H101561,387918,1421,2,3,2005,3319
H101562,136363,705,3,3,2008,8761
H101563,632606,2397,3,3,1958,6070
H101564,610526,2279,3,1,1952,9882
H101565,457800,1825,1,2,1997,6184
H101566,510048,1914,5,3,1992,6324
H101567,577390,2337,3,2,1950,4071
H101568,265618,1912,4,3,2006,5152
H101569,420642,2252,2,3,2002,2882
H101570,619139,1651,4,1,1965,3312
H101571,311856,2455,1,2,2000,7482
H101572,544033,1960,1,1,2004,5434
H101573,296512,1897,4,1,1950,5154
H101574,569964,1164,5,2,1977,4519
H101575,494653,1943,1,1,2002,5228
H101576,257730,1384,1,3,2007,8266
H101577,674710,1480,4,3,2022,6288
H101578,389811,1392,1,3,2009,3639
H101579,378462,1266,5,3,2008,8060
H101580,530085,2862,5,3,1971,9450
H101581,672295,2465,5,1,1957,6989
H101582,347626,2760,2,1,1998,7782
H101583,509251,1188,5,3,1991,8441
H101584,564322,1835,5,3,1976,2686
H101585,603965,1153,2,1,1988,9728
H101586,526466,1452,3,2,1974,8197
H101587,444945,1340,1,1,1987,6977
H101588,375861,2419,5,1,1973,5749
H101589,512921,1601,1,1,1973,3325
H101590,339179,2334,4,1,2009,5337
H101591,100000,2102,1,1,1999,6896
H101592,565483,2951,2,2,2015,3791
H101593,635590,1060,1,3,1963,5860
H101594,145560,2429,1,3,2002,3632
H101595,348540,2373,1,2,1981,5230
H101596,592873,1313,3,3,1997,3294
H101597,808624,2303,3,3,1988,3084
H101598,503119,1968,4,3,1989,6680
H101599,390799,1686,2,2,1991,4840
H101600,472565,1388,1,2,1957,5028
H101601,706231,1440,1,3,1975,4733
H101602,403105,2824,1,3,1961,11446
H101603,380121,1800,1,3,1992,7214
H101604,427588,2191,3,1,2000,7429
H101605,357000,1404,4,1,2012,4449
H101606,518400,1410,5,1,1998,7009
H101607,743701,2340,2,2,1976,5544
H101608,548461,1125,1,3,1958,4433
H101609,462146,1592,4,2,1988,9858
H101610,456228,1817,5,2,2014,7145
H101611,265521,1855,4,2,2020,7044
H101612,632466,1710,3,3,2020,4056
H101613,488324,1997,5,1,1956,3459
H101614,472928,2146,4,3,2021,5884
H101615,978966,2167,3,3,2016,4852
H101616,544812,1307,4,2,1959,7225
H101617,387231,1657,4,2,2020,7358
H101618,436046,2397,5,2,2002,6131
H101619,672266,2247,3,1,2006,7655
H101620,516990,1113,1,1,1976,6386
H101621,284258,1975,2,1,2003,4256
H101622,637884,810,5,3,1953,5603
H101623,399778,1823,3,2,1972,6271
H101624,780994,2748,4,3,1997,7857
H101625,662007,1326,3,1,1991,6449
H101626,432901,1382,2,2,1952,4857
H101627,692152,2182,2,1,1952,7932
H101628,510178,1028,1,2,1977,6761
H101629,627916,1483,1,2,2012,9091
H101630,572709,2098,2,3,1980,6174
H101631,373046,1482,5,3,1959,3925
H101632,403467,1682,5,1,1998,8353
H101633,654494,2172,4,3,1970,4846
H101634,449783,2010,1,3,2002,6590
H101635,439452,1933,4,3,2003,6371
H101636,356731,1630,1,2,2006,6091
H101637,563539,1985,2,3,1969,5660
H101638,809378,1738,5,1,1998,2695
H101639,339870,2028,5,2,1956,3995
H101640,503632,1551,2,2,1978,8244
H101641,711833,1708,4,3,1997,6857
H101642,488053,1305,4,2,1962,9818
H101643,567855,1782,3,1,1952,3924
H101644,340640,1394,1,1,1951,5938
H101645,564246,1242,4,2,1965,8326
H101646,471928,1929,2,3,1955,4868
H101647,647859,1906,4,3,1994,5029
H101648,678107,2191,5,2,2020,5413
H101649,888434,1584,1,1,1954,5109
H101650,586944,2004,3,2,2005,7063
H101651,548869,2075,1,3,2020,2439
H101652,529157,2022,5,3,1981,9285
H101653,447025,1387,5,2,1998,4080
H101654,550772,1874,5,1,1962,1765
H101655,455689,1982,5,2,1979,5979
H101656,525269,1803,2,1,1974,5245
H101657,697639,756,3,1,2009,5644
H101658,349018,1880,5,2,2008,6625
H101659,670981,2906,5,2,1977,7289
H101660,697567,1619,4,1,2007,9373
H101661,482289,1435,3,1,1969,4619
H101662,181721,1986,1,1,1983,7548
H101663,408826,1956,3,1,1954,7417
H101664,694549,2396,3,3,2009,1000
H101665,496569,1171,3,2,1992,4333
H101666,350104,2165,5,1,2006,3426
H101667,424283,2095,5,2,2006,6895
H101668,626093,1728,2,1,2003,6675
H101669,582010,1969,1,2,1994,6715
H101670,464160,2314,4,2,1986,5388
H101671,444976,2236,3,1,1997,5590
H101672,441236,1228,1,1,2003,5942
H101673,361638,2210,1,2,1997,5197
H101674,742306,1767,2,2,1955,7554
H101675,451651,1836,4,2,1983,3860
H101676,682573,1836,3,3,2012,4436
H101677,728197,1724,4,1,1997,6242
H101678,649746,2395,2,3,1972,5264
H101679,435256,1758,5,3,1962,3782
H101680,560559,1240,1,1,1996,7063
H101681,496370,1603,3,1,1993,4855
H101682,364444,1889,5,3,1981,4310
H101683,548653,2414,2,1,1975,5651
H101684,323144,2101,4,2,2002,4213
H101685,678151,1374,1,2,1963,5931
H101686,430307,3042,3,3,2001,5280
H101687,530173,1932,5,3,1985,4974
H101688,542493,2437,5,1,1957,4987
H101689,461164,1724,1,1,1989,7991
H101690,588004,2066,4,3,1971,6738
H101691,428764,2219,2,3,1965,2581
H101692,630694,2409,4,2,2009,7765
H101693,298103,2328,4,2,2009,7033
H101694,518956,2236,4,1,1959,6915
H101695,790839,1642,1,2,1974,7775
H101696,349950,1514,1,1,1980,6030
H101697,398338,1966,2,1,1970,7240
H101698,577086,2266,4,1,1982,5071
H101699,526937,1688,1,2,1980,7695
H101700,552594,2332,2,3,1970,6436
H101701,573378,2526,2,3,1985,3246
H101702,595208,1341,4,2,2014,8072
H101703,666454,1381,3,3,1953,5742
H101704,561472,1729,4,1,2017,5463
H101705,463811,1953,3,3,1953,5114
H101706,600886,1537,2,2,1958,5261
H101707,784982,2476,1,3,1979,6459
H101708,480104,2012,5,1,1994,4024
H101709,353820,1819,2,1,1953,2862
H101710,666062,1082,1,2,2018,3871
H101711,481942,1142,2,2,1972,6763
H101712,174099,1940,4,2,1965,5676
H101713,627113,733,3,1,1971,8226
H101714,419700,2306,2,3,2021,5870
H101715,486420,1720,1,3,1997,7685
H101716,549797,3421,4,2,2011,4614
H101717,528574,2953,5,3,2009,5129
H101718,606417,1709,4,3,1954,6019
H101719,434677,1746,3,2,1956,5706
H101720,576965,2297,4,2,2000,5519
H101721,461067,2651,5,1,2014,4255
H101722,610821,980,1,1,1958,2828
H101723,592305,906,2,1,1994,7262
H101724,359684,1488,3,1,1996,7038
H101725,662897,2091,5,3,2016,4772
H101726,419605,2048,3,3,1973,6757
H101727,621208,2334,4,1,1959,5667
H101728,555093,1200,3,1,2022,8212
H101729,775727,641,5,2,1997,3375
H101730,466480,2229,2,3,1984,5746
H101731,447602,1385,2,3,2003,5586
H101732,497087,790,3,1,2020,6322
H101733,454523,1872,1,3,1965,9074
H101734,619991,2196,3,2,2002,5752
H101735,257553,1738,4,2,1989,7486
H101736,341947,1571,2,3,1969,5704
H101737,339829,1720,2,1,2018,8141
H101738,642546,1614,2,3,1994,7505
H101739,756592,1125,1,2,1955,5333
H101740,484332,1442,1,1,2018,5189
H101741,474676,2060,5,3,1998,6973
H101742,510507,1960,3,1,1988,4689
H101743,674281,1884,3,1,1951,6381
H101744,360897,1302,4,2,1988,5288
H101745,535755,1709,2,1,1970,6736
H101746,646279,711,1,3,1989,5677
H101747,575164,1889,4,1,2003,4614
H101748,528437,2514,4,1,1961,8210
H101749,650156,1062,1,3,1986,6479
H101750,100000,1507,3,2,1987,5892
H101751,601681,1964,2,2,1964,6839
H101752,401888,2426,3,3,1956,2657
H101753,225405,1575,4,3,1999,10180
H101754,576680,1453,2,2,2014,6049
H101755,706048,815,5,1,2016,2073
H101756,479382,1851,4,3,1993,8394
H101757,642931,2821,3,1,1980,4497
H101758,741841,1938,3,3,1992,8087
H101759,697237,1788,3,2,1997,6243
H101760,745994,1961,1,1,2010,2859
H101761,611319,1794,4,1,1959,6522
H101762,511315,1393,2,3,1978,6375
H101763,259705,2211,3,1,1997,8303
H101764,463090,1912,3,3,2011,7044
H101765,373513,1808,1,2,1962,3521
H101766,825641,1312,2,1,1993,8004
H101767,473617,2451,4,3,1996,5171
H101768,518480,2132,5,1,2013,9440
H101769,582722,1523,1,3,2002,5290
H101770,506540,2300,4,3,1993,5577
H101771,754257,1551,5,3,1977,4356
H101772,406602,1408,3,2,1951,5002
H101773,529191,1420,3,1,2006,4474
H101774,388629,914,2,2,2006,8352
H101775,301996,2035,5,3,1983,3336
H101776,408234,884,3,3,2007,7609
H101777,494444,1185,3,2,2001,7657
H101778,435604,762,2,2,1978,8755
H101779,396136,1756,4,1,1984,6087
H101780,289052,1724,3,3,1997,3946
H101781,487534,1636,1,2,1982,5656
H101782,274291,1278,1,3,2022,7189
H101783,614008,1213,4,3,1958,6169
H101784,512365,2032,5,1,1997,6733
H101785,281367,1524,2,1,2016,8730
H101786,453618,1958,1,1,1985,7164
H101787,387176,1357,1,2,2020,6396
H101788,547876,1890,4,3,1993,2311
H101789,701067,2451,5,2,2009,4432
H101790,218724,2093,5,2,2012,5190
H101791,517253,1593,4,1,1954,2045
H101792,475980,1928,1,3,1989,3781
H101793,600701,1679,2,3,1968,5463
H101794,531979,1803,1,1,1996,5788
H101795,387204,1637,5,3,2014,7011
H101796,452141,1717,1,1,2016,5589
H101797,380596,1906,2,2,1967,6496
H101798,661401,1303,3,2,1999,5164
H101799,503196,1292,1,1,1979,6084
H101800,785178,1105,4,2,2015,6901
H101801,490900,999,3,2,1954,8945
H101802,393738,1191,4,1,1991,4970
H101803,272942,1879,4,2,1954,6288
H101804,229529,1353,4,3,1999,7738
H101805,262379,2056,1,2,2007,3120
H101806,540068,1817,5,1,1957,9995
H101807,576308,815,3,3,1980,8358
H101808,262821,2127,2,3,1961,2577
H101809,634255,2205,5,2,1970,6742
H101810,427540,1303,1,3,2011,4871
H101811,522018,2010,4,1,1982,5205
H101812,741833,1371,2,3,1975,6701
H101813,634525,1848,3,2,1989,8100
H101814,459720,1167,5,2,2014,5068
H101815,366321,903,5,3,2008,5095
H101816,177227,1608,2,1,1964,6744
H101817,392127,1738,1,1,1950,7143
H101818,468330,1601,3,2,1960,3985
H101819,351923,1207,2,2,2004,9447
H101820,480311,1600,4,1,1951,4713
H101821,511527,1934,3,3,2014,7929
H101822,466271,1777,5,3,1993,6903
H101823,402499,1891,2,3,1965,7212
H101824,525298,1464,5,3,1971,4752
H101825,566291,2385,5,1,1967,2552
H101826,336440,1211,5,2,1996,5957
H101827,711639,2043,1,2,1979,5965
H101828,485211,2390,5,3,1959,4083
H101829,502827,2040,4,1,2007,7835
H101830,606232,1698,4,1,2011,5896
H101831,534982,1535,3,3,1955,4381
H101832,642970,2318,5,3,2016,7170
H101833,543068,1088,5,3,1990,7223
H101834,408134,1314,2,2,1992,4567
H101835,554225,1601,1,3,1967,8466
H101836,328441,2418,3,2,2007,10486
H101837,516283,1989,5,1,2009,3819
H101838,495015,1315,2,1,1976,5632
H101839,468782,1644,1,2,2017,6674
H101840,480719,1492,3,2,1971,10560
H101841,217722,1445,3,2,1973,4532
H101842,417691,2289,5,2,1989,4120
H101843,513926,1114,3,3,2015,4107
H101844,523978,2604,2,1,1989,8442
H101845,345848,2214,3,3,1955,4584
H101846,689856,2345,4,2,1967,4299
H101847,370073,1568,2,3,1979,6461
H101848,645418,1725,1,3,1970,6616
H101849,564079,1083,1,1,2011,8142
H101850,403065,1537,5,3,1959,6183
H101851,766296,2046,5,1,1962,6497
H101852,320954,2448,4,2,1958,5789
H101853,637873,1246,1,3,2017,3391
H101854,650087,1617,1,2,1988,5600
H101855,399406,1724,1,1,1973,6125
H101856,708869,1102,1,2,1983,5112
H101857,462493,2095,3,2,2010,2871
H101858,543304,1438,2,1,1990,3730
H101859,539048,1702,2,2,1954,5921
H101860,479853,1574,4,2,1999,7865
H101861,621621,1405,3,2,1953,9364
H101862,619023,1796,1,3,2000,5632
H101863,237720,1692,1,2,2001,4566
H101864,695651,1614,5,1,1988,5254
H101865,250626,1435,5,3,1957,3907
H101866,654881,1959,4,3,1994,7575
H101867,669005,2626,1,1,1977,10275
H101868,336355,1869,4,2,1976,4614
H101869,438377,2298,3,3,2014,3615
H101870,334144,1104,2,3,1983,8012
H101871,467761,1878,1,3,2011,6636
H101872,453794,1251,3,2,2011,6669
H101873,616949,1061,1,3,1987,9176
H101874,696546,1430,5,1,1975,3267
H101875,709352,2395,4,2,1973,3211
H101876,415674,2275,5,1,1988,5676
H101877,468616,1921,2,1,1970,6126
H101878,247484,1033,5,3,1996,5290
H101879,379119,1701,1,3,1997,10921
H101880,644727,1950,5,3,1962,5379
H101881,742337,1887,1,1,1952,4898
H101882,314847,878,2,2,1981,6248
H101883,411130,1354,5,3,1984,7941
H101884,496039,1767,4,3,1968,4549
H101885,542024,2068,4,1,1963,5706
H101886,378559,701,4,2,1997,7998
H101887,563609,1718,5,1,2017,8109
H101888,428924,1871,5,3,1994,6435
H101889,497832,2224,5,1,1968,10836
H101890,581942,2146,1,3,2013,9961
H101891,500963,2091,2,2,2015,3187
H101892,434542,1400,4,1,2015,2616
H101893,483558,845,1,3,1994,7591
H101894,486745,1603,4,3,2016,8730
H101895,444498,2300,1,3,2018,5550
H101896,461180,2496,5,3,1952,4995
H101897,739797,2155,4,1,1987,4359
H101898,584137,2014,5,3,1991,3663
H101899,455677,1989,4,1,1989,8272
H101900,604543,1521,3,3,1999,5237
H101901,449927,1734,1,1,1984,6603
H101902,675968,2634,3,1,1973,2348
H101903,555446,1328,1,3,1966,8004
H101904,483904,2607,2,3,1989,7175
H101905,567157,1638,4,3,2015,3310
H101906,264368,2462,2,3,1993,6518
H101907,330984,1096,2,2,1972,6009
H101908,320911,2092,1,3,1955,5099
H101909,521441,1431,3,3,2015,1000
H101910,759877,1092,5,3,1970,4679
H101911,834695,1909,1,1,1984,6604
H101912,595707,2304,5,3,1978,4902
H101913,575126,1377,2,1,1956,5556
H101914,229841,1050,5,1,2002,8993
H101915,418598,1754,3,1,1986,5844
H101916,381832,1756,1,1,1972,1806
H101917,406872,2074,3,2,1957,5630
H101918,474778,2274,3,3,1997,6198
H101919,429186,1770,1,1,1959,4349
H101920,203105,2727,3,3,1973,7469
H101921,612186,1912,4,1,1996,3075
H101922,339088,1626,4,2,2002,5724
H101923,535887,994,4,1,1988,3052
H101924,811112,1668,5,3,2016,5408
H101925,362092,1631,3,3,2015,7416
H101926,120456,2280,1,2,1955,5676
H101927,457099,2031,1,3,1970,5559
H101928,665143,1210,5,3,2022,6055
H101929,793752,1886,1,1,1985,6155
H101930,315567,2135,4,3,1952,7387
H101931,574504,2564,3,1,1991,7399
H101932,430203,2243,1,2,1994,8843
H101933,484107,2180,1,3,1993,6335
H101934,896651,1830,2,1,1982,2678
H101935,274554,1994,2,3,2009,7715
H101936,538060,2424,2,1,2019,8699
H101937,570153,1133,3,2,1975,10923
H101938,662867,1625,4,1,1970,8903
H101939,514697,1413,4,3,1951,5019
H101940,546207,1989,4,1,1996,6374
H101941,441252,2415,3,3,1979,5458
H101942,540369,1501,3,2,1976,5186
H101943,448521,604,2,1,2020,5773
H101944,593235,1593,1,3,1969,8571
H101945,444558,2256,5,3,1999,2821
H101946,556565,2068,5,3,1972,3994
H101947,495610,2014,1,1,1962,8438
H101948,668907,1660,2,1,1953,8907
H101949,492290,1160,1,1,1963,4681
H101950,234045,2057,1,2,1969,9301
H101951,689288,1382,5,3,1962,7951
H101952,364140,2892,2,3,1952,5464
H101953,401935,2085,3,2,1996,1129
H101954,410650,1509,5,2,1952,2663
H101955,706165,1494,3,1,1950,4683
H101956,179648,1753,2,1,1973,7519
H101957,970662,1680,1,1,1984,7526
H101958,658408,2358,4,1,1963,5067
H101959,533485,1893,4,1,2016,5537
H101960,491765,1434,2,1,1962,5935
H101961,542833,2745,4,2,1996,5562
H101962,578168,1824,3,2,1999,6327
H101963,596782,2184,4,2,1975,5939
H101964,583340,1495,2,3,1952,2651
H101965,513437,1981,2,3,2000,5584
H101966,470399,1955,3,1,1989,5954
H101967,477309,855,4,2,2017,7979
H101968,470763,2807,4,3,1985,4337
H101969,670065,2445,1,3,2000,6407
H101970,589033,1601,5,2,1950,7125
H101971,100000,1248,2,3,1982,5703
H101972,598385,1973,1,3,1956,2490
H101973,529210,1843,2,2,2001,8020
H101974,497193,1977,1,3,1960,7494
H101975,441722,1895,5,2,1976,6457
H101976,668616,2053,1,3,1963,6080
H101977,642128,2523,2,2,1995,2437
H101978,384068,2084,4,3,1959,7549
H101979,561057,1275,2,3,1973,8972
H101980,354251,2481,3,2,2010,3772
H101981,293057,2620,3,3,1967,8690
H101982,405992,3376,3,2,1958,8262
H101983,629359,1238,3,2,1966,3713
H101984,642968,1921,5,3,2007,5211
H101985,576962,758,4,1,1962,3209
H101986,608764,2076,4,3,1999,5869
H101987,577426,1525,2,1,1955,6896
H101988,403777,2761,1,1,2000,3359
H101989,564788,1412,2,3,1985,6771
H101990,620061,955,2,1,2020,7278
H101991,613143,1564,2,2,1974,7306
H101992,678337,812,2,2,1960,6909
H101993,606245,2175,4,1,1993,3543
H101994,552717,767,1,2,1963,5757
H101995,660522,1814,2,3,1978,6704
H101996,496021,761,4,2,1999,8922
H101997,367718,1639,2,1,1954,6004
H101998,475539,2621,3,3,2021,6851
H101999,388264,1980,2,2,2018,4135
